Ticker,Average Standard Deviation
BTC,5316.726007995739
BNB,49.038352125920824
ADA,0.17648446576986332
ETH,374.40866583540986
LINK,3.0715757403611192
LTC,23.89014482749757
XRP,0.14875224856161587
XLM,0.048067239777895614
USDT,0.0027234134525245227
USDC,0.004298541517608093
